instance,family,variant,config_name,iterations,chains,threads,parallel,t0,tf,alpha,gamma,epsilon,policy,runs,bks,best_length_min,best_length_mean,gap_percent_min,gap_percent_mean,elapsed_ms_mean,elapsed_ms_std,accepted_moves_mean,improved_moves_mean
eil101,qlsa,tuned,eil101-qlsa-tuned,1000000,32,8,omp,1000,0.001,0.1,0.8,0.05,epsilon-greedy,10,629,630,637.100000,0.158983,1.287758,351.473300,31.984159,9026197.000000,4271711.400000
eil101,sa,tuned,eil101-sa-tuned,1000000,32,8,omp,100,0.001,,,,,10,629,634,638.300000,0.794913,1.478537,190.972400,7.005934,4510341.700000,2148706.600000
eil76,qlsa,tuned,eil76-qlsa-tuned,1000000,32,8,omp,1000,0.001,0.05,0.8,0.2,epsilon-greedy,10,538,538,542.200000,0.000000,0.780669,368.867600,31.020357,9131550.400000,4282408.300000
eil76,sa,tuned,eil76-sa-tuned,1000000,32,8,omp,300,0.001,,,,,10,538,539,542.800000,0.185874,0.892193,198.304700,10.194529,6794078.400000,3257272.100000
rat99,qlsa,quality-first,rat99-qlsa-quality-first,2000000,32,8,omp,1000,0.001,0.2,0.95,0.2,epsilon-greedy,10,1211,1213,1217.200000,0.165153,0.511974,737.503700,93.529855,13762489.100000,6569446.900000
rat99,qlsa,tradeoff,rat99-qlsa-tradeoff,1000000,32,8,omp,1000,0.0001,0.05,0.95,0.2,epsilon-greedy,10,1211,1214,1225.000000,0.247729,1.156069,357.180900,38.676882,5905893.800000,2823139.900000
rat99,sa,tuned,rat99-sa-tuned,1000000,32,8,omp,3000,0.001,,,,,10,1211,1216,1224.600000,0.412882,1.123039,208.701100,10.805422,8520911.300000,4168422.700000
