instance,family,variant,config_name,iterations,chains,threads,parallel,t0,tf,alpha,gamma,epsilon,policy,runs,bks,best_length_min,best_length_mean,gap_percent_min,gap_percent_mean,elapsed_ms_mean,elapsed_ms_std,accepted_moves_mean,improved_moves_mean
eil101,qlsa,tuned,eil101-qlsa-tuned,1000000,32,8,omp,1000,0.001,0.1,0.8,0.05,epsilon-greedy,10,629,632,638.600000,0.476948,1.526232,421.932800,31.534860,9026946.300000,4272785.800000
eil101,sa,tuned,eil101-sa-tuned,1000000,32,8,omp,100,0.001,,,,,10,629,632,639.800000,0.476948,1.717011,190.868700,9.162002,4511661.600000,2148888.700000
eil76,qlsa,tuned,eil76-qlsa-tuned,1000000,32,8,omp,1000,0.001,0.05,0.8,0.2,epsilon-greedy,10,538,541,543.300000,0.557621,0.985130,399.389700,50.089115,9125925.700000,4282542.800000
eil76,sa,tuned,eil76-sa-tuned,1000000,32,8,omp,300,0.001,,,,,10,538,538,540.600000,0.000000,0.483271,214.220300,7.218382,6793443.800000,3257740.900000
rat99,qlsa,quality-first,rat99-qlsa-quality-first,2000000,32,8,omp,1000,0.001,0.2,0.95,0.2,epsilon-greedy,10,1211,1212,1215.500000,0.082576,0.371594,854.307200,93.014364,13761909.800000,6568682.700000
rat99,qlsa,tradeoff,rat99-qlsa-tradeoff,1000000,32,8,omp,1000,0.0001,0.05,0.95,0.2,epsilon-greedy,10,1211,1217,1224.000000,0.495458,1.073493,379.517800,38.894887,5907288.700000,2822647.600000
rat99,sa,tuned,rat99-sa-tuned,1000000,32,8,omp,3000,0.001,,,,,10,1211,1213,1221.600000,0.165153,0.875310,206.170700,6.207797,8521418.300000,4168806.700000
